money,moneyPerClick,moneyPerSecond
4.73353030311659E+30,128309.29,9.46706058695618E+29
